filename,score
test/0001.mp4,-2.6771630883216857
test/0002.mp4,-1.8758170574903488
test/0003.mp4,-1.9830643229186535
test/0004.mp4,-2.511469656229019
test/0005.mp4,-2.6391966700553895
